{
    "position": [
        -0.07102005306238238,
        0.024130938417833106,
        0.022722818567460196
    ],
    "orientation": [
        -0.0050329509506691905,
        0.0118942743151208,
        -0.6630459166758809,
        0.7484673059143502
    ],
    "rpy": [
        [
            -0.023310453448679824,
            0.011131025605302854,
            -1.4500383085000375
        ]
    ]
}